,count,mean,std,min,25%,50%,75%,max
fare_amount,2000000.0,11.347788760000004,9.852883432446239,-62.0,6.0,8.5,12.5,1273.31
pickup_longitude,2000000.0,-72.52321217121387,12.868040660910607,-3377.6809350000003,-73.99208068847656,-73.981813,-73.967128,2856.44156
pickup_latitude,2000000.0,39.92963192706374,7.983352050911866,-3458.6647020000005,40.73491,40.752627000000004,40.7671012878418,2621.62843
dropoff_longitude,1999986.0,-72.52394655561415,12.774972309644593,-3383.2966079999997,-73.991407,-73.980165,-73.963688,3414.306675
dropoff_latitude,1999986.0,39.92807641145441,10.323815222750097,-3461.540872,40.733998,40.753125,40.768093,3345.9173530000003
passenger_count,2000000.0,1.684113,1.3149818507567446,0.0,1.0,1.0,2.0,208.0
